模型名,表名,字段名,字段类型,null,blank,default,choices,primary_key,unique,db_index,外键模型,on_delete,related_name,中文说明,开发注意事项
PortalUser,entry_portaluser,id,BigAutoField,False,True,,,True,True,False,,,,ID,
PortalUser,entry_portaluser,username,CharField,False,False,,,False,True,False,,,,账号,作为唯一标识/路由标识使用，变更前需确认引用范围。
PortalUser,entry_portaluser,password,CharField,False,False,,,False,False,False,,,,密码哈希,敏感或文件字段，文档不包含实际内容。
PortalUser,entry_portaluser,role,CharField,False,False,,student:学生；parent:家长；teacher:教师；principal:校长,False,False,False,,,,角色,
PortalUser,entry_portaluser,full_name,CharField,False,False,,,False,False,False,,,,姓名,
PortalUser,entry_portaluser,phone,CharField,False,True,,,False,False,False,,,,手机号,
PortalUser,entry_portaluser,is_active,BooleanField,False,False,True,,False,False,False,,,,是否启用,状态字段会影响页面展示和统计口径。
PortalUser,entry_portaluser,created_at,DateTimeField,False,True,,,False,False,False,,,,创建时间,
PortalUser,entry_portaluser,updated_at,DateTimeField,False,True,,,False,False,False,,,,更新时间,
Student,entry_student,id,BigAutoField,False,True,,,True,True,False,,,,ID,
Student,entry_student,user,OneToOneField,False,False,,,False,True,True,PortalUser,CASCADE,student_profile,user,
Student,entry_student,parent_user,ForeignKey,True,True,,,False,False,True,PortalUser,SET_NULL,children,parent user,权限隔离相关字段，查询时需带角色边界。
Student,entry_student,teacher_user,ForeignKey,True,True,,,False,False,True,PortalUser,SET_NULL,managed_students,teacher user,权限隔离相关字段，查询时需带角色边界。
Student,entry_student,display_name,CharField,False,False,,,False,False,False,,,,学生姓名,
Student,entry_student,grade,CharField,False,False,,,False,False,False,,,,年级,
Student,entry_student,campus,CharField,False,True,,,False,False,False,,,,校区,
Student,entry_student,primary_course_name,CharField,False,True,,,False,False,False,,,,主课程方向,
Student,entry_student,primary_track_name,CharField,False,True,,,False,False,False,,,,主学习体系,
Student,entry_student,primary_level_name,CharField,False,True,,,False,False,False,,,,主当前级别,
Course,entry_course,id,BigAutoField,False,True,,,True,True,False,,,,ID,
Course,entry_course,slug,SlugField,False,False,,,False,True,True,,,,课程标识,作为唯一标识/路由标识使用，变更前需确认引用范围。
Course,entry_course,title,CharField,False,False,,,False,False,False,,,,课程名称,
Course,entry_course,summary,TextField,False,True,,,False,False,False,,,,课程说明,
CourseCategory,entry_coursecategory,id,BigAutoField,False,True,,,True,True,False,,,,ID,
CourseCategory,entry_coursecategory,course,ForeignKey,False,False,,,False,False,True,Course,CASCADE,categories,course,
CourseCategory,entry_coursecategory,slug,SlugField,False,False,,,False,False,True,,,,分类标识,作为唯一标识/路由标识使用，变更前需确认引用范围。
CourseCategory,entry_coursecategory,title,CharField,False,False,,,False,False,False,,,,分类名称,
CourseCategory,entry_coursecategory,summary,TextField,False,True,,,False,False,False,,,,分类说明,
CourseCategory,entry_coursecategory,sort_order,PositiveIntegerField,False,False,0,,False,False,False,,,,排序,
CourseCategory,entry_coursecategory,is_active,BooleanField,False,False,True,,False,False,False,,,,是否启用,状态字段会影响页面展示和统计口径。
CourseLevel,entry_courselevel,id,BigAutoField,False,True,,,True,True,False,,,,ID,
CourseLevel,entry_courselevel,category,ForeignKey,False,False,,,False,False,True,CourseCategory,CASCADE,levels,category,
CourseLevel,entry_courselevel,code,CharField,False,False,,,False,False,False,,,,级别编码,作为唯一标识/路由标识使用，变更前需确认引用范围。
CourseLevel,entry_courselevel,title,CharField,False,False,,,False,False,False,,,,级别名称,
CourseLevel,entry_courselevel,summary,TextField,False,True,,,False,False,False,,,,级别说明,
CourseLevel,entry_courselevel,sort_order,PositiveIntegerField,False,False,0,,False,False,False,,,,排序,
CourseLevel,entry_courselevel,is_active,BooleanField,False,False,True,,False,False,False,,,,是否启用,状态字段会影响页面展示和统计口径。
CourseContent,entry_coursecontent,id,BigAutoField,False,True,,,True,True,False,,,,ID,
CourseContent,entry_coursecontent,course,ForeignKey,False,False,,,False,False,True,Course,CASCADE,contents,course,
CourseContent,entry_coursecontent,level,ForeignKey,True,True,,,False,False,True,CourseLevel,SET_NULL,contents,level,
CourseContent,entry_coursecontent,content_type,CharField,False,True,,,False,False,False,,,,课程类别,
CourseContent,entry_coursecontent,slug,SlugField,False,False,,,False,True,True,,,,内容标识,作为唯一标识/路由标识使用，变更前需确认引用范围。
CourseContent,entry_coursecontent,title,CharField,False,False,,,False,False,False,,,,内容名称,
CourseContent,entry_coursecontent,phase,CharField,False,True,,,False,False,False,,,,所属阶段,
CourseContent,entry_coursecontent,permission_code,CharField,False,True,'',C1:C1；C2:C2；C3:C3；C4:C4,False,False,False,,,,权限归属,
CourseContent,entry_coursecontent,sort_order,PositiveIntegerField,False,False,0,,False,False,False,,,,排序,
CourseContent,entry_coursecontent,route_path,CharField,False,False,,,False,True,False,,,,访问路由,作为唯一标识/路由标识使用，变更前需确认引用范围。
CourseContent,entry_coursecontent,summary,TextField,False,True,,,False,False,False,,,,内容说明,
CourseContent,entry_coursecontent,has_real_content,BooleanField,False,False,False,,False,False,False,,,,是否已有真实内容,
CourseContent,entry_coursecontent,is_active,BooleanField,False,False,True,,False,False,False,,,,是否启用,状态字段会影响页面展示和统计口径。
Question,questions,id,BigAutoField,False,True,,,True,True,False,,,,ID,
Question,questions,code,CharField,False,False,,,False,True,False,,,,题目标识,作为唯一标识/路由标识使用，变更前需确认引用范围。
Question,questions,content_slug,CharField,False,False,,,False,False,False,,,,知识点/专题标识,
Question,questions,level_code,CharField,False,False,,,False,False,False,,,,级别,
Question,questions,question_type,CharField,False,False,,,False,False,False,,,,题型,
Question,questions,source_year,PositiveSmallIntegerField,True,True,,,False,False,False,,,,来源年份,
Question,questions,source_month,PositiveSmallIntegerField,True,True,,,False,False,False,,,,来源月份,
Question,questions,source_question_no,PositiveSmallIntegerField,True,True,,,False,False,False,,,,来源题号,
Question,questions,title,CharField,False,False,,,False,False,False,,,,题目标题,
Question,questions,payload,JSONField,False,True,builtins.dict,,False,False,False,,,,题目内容,JSON 结构可能存在历史兼容，扩展时需保留旧字段。
Question,questions,sort_order,PositiveIntegerField,False,False,0,,False,False,False,,,,排序,
Question,questions,is_active,BooleanField,False,False,True,,False,False,False,,,,是否启用,状态字段会影响页面展示和统计口径。
Question,questions,is_demo,BooleanField,False,False,False,,False,False,False,,,,是否适合作教学 Demo,
StudentContentAccess,entry_studentcontentaccess,id,BigAutoField,False,True,,,True,True,False,,,,ID,
StudentContentAccess,entry_studentcontentaccess,student,ForeignKey,False,False,,,False,False,True,Student,CASCADE,content_accesses,student,权限隔离相关字段，查询时需带角色边界。
StudentContentAccess,entry_studentcontentaccess,content,ForeignKey,False,False,,,False,False,True,CourseContent,CASCADE,student_accesses,content,
StudentContentAccess,entry_studentcontentaccess,is_open,BooleanField,False,False,False,,False,False,False,,,,是否开放,状态字段会影响页面展示和统计口径。
StudentContentAccess,entry_studentcontentaccess,granted_by,ForeignKey,True,True,,,False,False,True,PortalUser,SET_NULL,granted_content_accesses,granted by,
StudentContentAccess,entry_studentcontentaccess,granted_at,DateTimeField,True,True,,,False,False,False,,,,开放时间,
StudentContentAccess,entry_studentcontentaccess,updated_at,DateTimeField,False,True,,,False,False,False,,,,更新时间,
HomeworkAssignment,entry_homeworkassignment,id,BigAutoField,False,True,,,True,True,False,,,,ID,
HomeworkAssignment,entry_homeworkassignment,teacher,ForeignKey,False,False,,,False,False,True,PortalUser,CASCADE,homework_assignments,teacher,权限隔离相关字段，查询时需带角色边界。
HomeworkAssignment,entry_homeworkassignment,student,ForeignKey,False,False,,,False,False,True,Student,CASCADE,homework_assignments,student,权限隔离相关字段，查询时需带角色边界。
HomeworkAssignment,entry_homeworkassignment,content,ForeignKey,False,False,,,False,False,True,CourseContent,CASCADE,homework_assignments,content,
HomeworkAssignment,entry_homeworkassignment,title,CharField,False,False,,,False,False,False,,,,作业标题,
HomeworkAssignment,entry_homeworkassignment,description,TextField,False,True,,,False,False,False,,,,作业说明,
HomeworkAssignment,entry_homeworkassignment,due_date,DateTimeField,False,False,,,False,False,False,,,,截止日期,
HomeworkAssignment,entry_homeworkassignment,status,CharField,False,False,'assigned',assigned:待完成；completed:已完成；reviewed:已评阅；cancelled:已取消,False,False,False,,,,状态,状态字段会影响页面展示和统计口径。
HomeworkAssignment,entry_homeworkassignment,teacher_comment,TextField,False,True,,,False,False,False,,,,教师评语,
HomeworkAssignment,entry_homeworkassignment,highlights,TextField,False,True,'',,False,False,False,,,,亮点表现,
HomeworkAssignment,entry_homeworkassignment,areas_for_growth,TextField,False,True,'',,False,False,False,,,,待提升点,
HomeworkAssignment,entry_homeworkassignment,summary,ForeignKey,True,True,,,False,False,True,HomeworkSummary,SET_NULL,assignments,summary,
HomeworkAssignment,entry_homeworkassignment,source_import_job,ForeignKey,True,True,,,False,False,True,HomeworkImportJob,SET_NULL,shared_assignments,source import job,
HomeworkAssignment,entry_homeworkassignment,assigned_at,DateTimeField,False,False,django.utils.timezone.now,,False,False,False,,,,布置时间,
HomeworkAssignment,entry_homeworkassignment,completed_at,DateTimeField,True,True,,,False,False,False,,,,完成时间,
HomeworkAssignment,entry_homeworkassignment,reviewed_at,DateTimeField,True,True,,,False,False,False,,,,评阅时间,
HomeworkAssignment,entry_homeworkassignment,is_active,BooleanField,False,False,True,,False,False,False,,,,是否启用,状态字段会影响页面展示和统计口径。
HomeworkAssignment,entry_homeworkassignment,created_at,DateTimeField,False,True,,,False,False,False,,,,创建时间,
HomeworkAssignment,entry_homeworkassignment,updated_at,DateTimeField,False,True,,,False,False,False,,,,更新时间,
HomeworkSummary,entry_homeworksummary,id,BigAutoField,False,True,,,True,True,False,,,,ID,
HomeworkSummary,entry_homeworksummary,title,CharField,False,True,'',,False,False,False,,,,总结标题,
HomeworkSummary,entry_homeworksummary,summary_html,TextField,False,True,'',,False,False,False,,,,总结 HTML,
HomeworkSummary,entry_homeworksummary,created_by,ForeignKey,True,True,,,False,False,True,PortalUser,SET_NULL,created_homework_summaries,created by,
HomeworkSummary,entry_homeworksummary,created_at,DateTimeField,False,True,,,False,False,False,,,,创建时间,
HomeworkSummary,entry_homeworksummary,updated_at,DateTimeField,False,True,,,False,False,False,,,,更新时间,
HomeworkImportJob,entry_homeworkimportjob,id,BigAutoField,False,True,,,True,True,False,,,,ID,
HomeworkImportJob,entry_homeworkimportjob,teacher,ForeignKey,False,False,,,False,False,True,PortalUser,CASCADE,homework_import_jobs,teacher,权限隔离相关字段，查询时需带角色边界。
HomeworkImportJob,entry_homeworkimportjob,assignment,ForeignKey,True,True,,,False,False,True,HomeworkAssignment,CASCADE,import_jobs,assignment,
HomeworkImportJob,entry_homeworkimportjob,content,ForeignKey,True,True,,,False,False,True,CourseContent,SET_NULL,homework_import_jobs,content,
HomeworkImportJob,entry_homeworkimportjob,source_file,FileField,False,False,,,False,False,False,,,,源文件,敏感或文件字段，文档不包含实际内容。
HomeworkImportJob,entry_homeworkimportjob,source_filename,CharField,False,False,,,False,False,False,,,,原始文件名,
HomeworkImportJob,entry_homeworkimportjob,source_sha256,CharField,False,True,'',,False,False,False,,,,源文件内容哈希,
HomeworkImportJob,entry_homeworkimportjob,source_type,CharField,False,False,,pdf:PDF；image:图片；html:HTML；text:TXT；docx:DOCX；xlsx:XLSX,False,False,False,,,,源文件类型,
HomeworkImportJob,entry_homeworkimportjob,parse_status,CharField,False,False,'uploaded',uploaded:已上传；parsing:解析中；parsed:待确认；confirmed:已确认；failed:解析失败；cancelled:已取消,False,False,False,,,,解析状态,状态字段会影响页面展示和统计口径。
HomeworkImportJob,entry_homeworkimportjob,candidates_json,JSONField,False,True,builtins.list,,False,False,False,,,,候选题目,JSON 结构可能存在历史兼容，扩展时需保留旧字段。
HomeworkImportJob,entry_homeworkimportjob,parse_notes,TextField,False,True,,,False,False,False,,,,解析备注,
HomeworkImportJob,entry_homeworkimportjob,confirmed_at,DateTimeField,True,True,,,False,False,False,,,,确认时间,
HomeworkImportJob,entry_homeworkimportjob,is_active,BooleanField,False,False,True,,False,False,False,,,,是否启用,状态字段会影响页面展示和统计口径。
HomeworkImportJob,entry_homeworkimportjob,created_at,DateTimeField,False,True,,,False,False,False,,,,创建时间,
HomeworkImportJob,entry_homeworkimportjob,updated_at,DateTimeField,False,True,,,False,False,False,,,,更新时间,
HomeworkQuestion,entry_homeworkquestion,id,BigAutoField,False,True,,,True,True,False,,,,ID,
HomeworkQuestion,entry_homeworkquestion,assignment,ForeignKey,True,True,,,False,False,True,HomeworkAssignment,CASCADE,questions,assignment,
HomeworkQuestion,entry_homeworkquestion,import_job,ForeignKey,True,True,,,False,False,True,HomeworkImportJob,SET_NULL,questions,import job,
HomeworkQuestion,entry_homeworkquestion,question_no,PositiveIntegerField,False,False,,,False,False,False,,,,题号,
HomeworkQuestion,entry_homeworkquestion,question_type,CharField,False,False,'single_choice',single_choice:单选题,False,False,False,,,,题型,
HomeworkQuestion,entry_homeworkquestion,stem,TextField,False,False,,,False,False,False,,,,题干,
HomeworkQuestion,entry_homeworkquestion,options_json,JSONField,False,True,builtins.dict,,False,False,False,,,,选项,JSON 结构可能存在历史兼容，扩展时需保留旧字段。
HomeworkQuestion,entry_homeworkquestion,correct_answer,CharField,False,False,,,False,False,False,,,,正确答案,
HomeworkQuestion,entry_homeworkquestion,analysis,TextField,False,True,,,False,False,False,,,,解析,
HomeworkQuestion,entry_homeworkquestion,source_snapshot_json,JSONField,False,True,builtins.dict,,False,False,False,,,,来源快照,JSON 结构可能存在历史兼容，扩展时需保留旧字段。
HomeworkQuestion,entry_homeworkquestion,is_active,BooleanField,False,False,True,,False,False,False,,,,是否启用,状态字段会影响页面展示和统计口径。
HomeworkQuestion,entry_homeworkquestion,created_at,DateTimeField,False,True,,,False,False,False,,,,创建时间,
HomeworkQuestion,entry_homeworkquestion,updated_at,DateTimeField,False,True,,,False,False,False,,,,更新时间,
HomeworkSubmission,entry_homeworksubmission,id,BigAutoField,False,True,,,True,True,False,,,,ID,
HomeworkSubmission,entry_homeworksubmission,assignment,ForeignKey,False,False,,,False,False,True,HomeworkAssignment,CASCADE,submissions,assignment,
HomeworkSubmission,entry_homeworksubmission,student,ForeignKey,False,False,,,False,False,True,Student,CASCADE,homework_submissions,student,权限隔离相关字段，查询时需带角色边界。
HomeworkSubmission,entry_homeworksubmission,status,CharField,False,False,'in_progress',in_progress:作答中；submitted:已提交；auto_checked:已自动判分；reviewed:已复核,False,False,False,,,,提交状态,状态字段会影响页面展示和统计口径。
HomeworkSubmission,entry_homeworksubmission,total_count,PositiveIntegerField,False,False,0,,False,False,False,,,,总题数,
HomeworkSubmission,entry_homeworksubmission,correct_count,PositiveIntegerField,False,False,0,,False,False,False,,,,正确数,
HomeworkSubmission,entry_homeworksubmission,wrong_count,PositiveIntegerField,False,False,0,,False,False,False,,,,错误数,
HomeworkSubmission,entry_homeworksubmission,score,DecimalField,False,False,0,,False,False,False,,,,分数,
HomeworkSubmission,entry_homeworksubmission,started_at,DateTimeField,False,False,django.utils.timezone.now,,False,False,False,,,,开始时间,
HomeworkSubmission,entry_homeworksubmission,submitted_at,DateTimeField,True,True,,,False,False,False,,,,提交时间,
HomeworkSubmission,entry_homeworksubmission,checked_at,DateTimeField,True,True,,,False,False,False,,,,判分时间,
HomeworkSubmission,entry_homeworksubmission,is_active,BooleanField,False,False,True,,False,False,False,,,,是否启用,状态字段会影响页面展示和统计口径。
HomeworkSubmission,entry_homeworksubmission,created_at,DateTimeField,False,True,,,False,False,False,,,,创建时间,
HomeworkSubmission,entry_homeworksubmission,updated_at,DateTimeField,False,True,,,False,False,False,,,,更新时间,
HomeworkSubmissionAnswer,entry_homeworksubmissionanswer,id,BigAutoField,False,True,,,True,True,False,,,,ID,
HomeworkSubmissionAnswer,entry_homeworksubmissionanswer,submission,ForeignKey,False,False,,,False,False,True,HomeworkSubmission,CASCADE,answers,submission,
HomeworkSubmissionAnswer,entry_homeworksubmissionanswer,homework_question,ForeignKey,False,False,,,False,False,True,HomeworkQuestion,CASCADE,submission_answers,homework question,
HomeworkSubmissionAnswer,entry_homeworksubmissionanswer,selected_answer,CharField,False,True,,,False,False,False,,,,学生答案,
HomeworkSubmissionAnswer,entry_homeworksubmissionanswer,is_correct,BooleanField,False,False,False,,False,False,False,,,,是否正确,
HomeworkSubmissionAnswer,entry_homeworksubmissionanswer,correct_answer_snapshot,CharField,False,False,,,False,False,False,,,,正确答案快照,
HomeworkSubmissionAnswer,entry_homeworksubmissionanswer,analysis_snapshot,TextField,False,True,,,False,False,False,,,,解析快照,
HomeworkSubmissionAnswer,entry_homeworksubmissionanswer,created_at,DateTimeField,False,True,,,False,False,False,,,,创建时间,
HomeworkSubmissionAnswer,entry_homeworksubmissionanswer,updated_at,DateTimeField,False,True,,,False,False,False,,,,更新时间,
HomeworkCompletionStat,entry_homeworkcompletionstat,id,BigAutoField,False,True,,,True,True,False,,,,ID,
HomeworkCompletionStat,entry_homeworkcompletionstat,teacher,ForeignKey,False,False,,,False,False,True,PortalUser,CASCADE,homework_completion_stats,teacher,权限隔离相关字段，查询时需带角色边界。
HomeworkCompletionStat,entry_homeworkcompletionstat,student,ForeignKey,False,False,,,False,False,True,Student,CASCADE,homework_completion_stats,student,权限隔离相关字段，查询时需带角色边界。
HomeworkCompletionStat,entry_homeworkcompletionstat,period_type,CharField,False,False,,week:本周；month:本月；quarter:本季度,False,False,False,,,,周期类型,
HomeworkCompletionStat,entry_homeworkcompletionstat,period_start,DateField,False,False,,,False,False,False,,,,周期开始日期,
HomeworkCompletionStat,entry_homeworkcompletionstat,period_end,DateField,False,False,,,False,False,False,,,,周期结束日期,
HomeworkCompletionStat,entry_homeworkcompletionstat,completed_count,PositiveIntegerField,False,False,0,,False,False,False,,,,已完成数量,
HomeworkCompletionStat,entry_homeworkcompletionstat,incomplete_count,PositiveIntegerField,False,False,0,,False,False,False,,,,未完成数量,
HomeworkCompletionStat,entry_homeworkcompletionstat,excluded_undated_count,PositiveIntegerField,False,False,0,,False,False,False,,,,排除的无截止日期数量,
HomeworkCompletionStat,entry_homeworkcompletionstat,generated_at,DateTimeField,False,False,django.utils.timezone.now,,False,False,False,,,,统计生成时间,
HomeworkCompletionStat,entry_homeworkcompletionstat,created_at,DateTimeField,False,True,,,False,False,False,,,,创建时间,
HomeworkCompletionStat,entry_homeworkcompletionstat,updated_at,DateTimeField,False,True,,,False,False,False,,,,更新时间,
HomeworkCompletionStatMissingAssignment,entry_homeworkcompletionstatmissingassignment,id,BigAutoField,False,True,,,True,True,False,,,,ID,
HomeworkCompletionStatMissingAssignment,entry_homeworkcompletionstatmissingassignment,stat,ForeignKey,False,False,,,False,False,True,HomeworkCompletionStat,CASCADE,missing_assignments,stat,
HomeworkCompletionStatMissingAssignment,entry_homeworkcompletionstatmissingassignment,assignment,ForeignKey,False,False,,,False,False,True,HomeworkAssignment,CASCADE,completion_stat_missing_links,assignment,
HomeworkCompletionStatMissingAssignment,entry_homeworkcompletionstatmissingassignment,reason,CharField,False,True,'',online_missing:在线题未形成完成态提交；requirement_not_marked_completed:要求型作业未标记完成；undated:无截止日期,False,False,False,,,,未完成原因,
HomeworkCompletionStatMissingAssignment,entry_homeworkcompletionstatmissingassignment,created_at,DateTimeField,False,True,,,False,False,False,,,,创建时间,
HomeworkCompletionStatMissingAssignment,entry_homeworkcompletionstatmissingassignment,updated_at,DateTimeField,False,True,,,False,False,False,,,,更新时间,
TeacherEvaluation,entry_teacherevaluation,id,BigAutoField,False,True,,,True,True,False,,,,ID,
TeacherEvaluation,entry_teacherevaluation,student,ForeignKey,False,False,,,False,False,True,Student,CASCADE,teacher_evaluations,student,权限隔离相关字段，查询时需带角色边界。
TeacherEvaluation,entry_teacherevaluation,teacher,ForeignKey,True,True,,,False,False,True,PortalUser,SET_NULL,submitted_evaluations,teacher,权限隔离相关字段，查询时需带角色边界。
TeacherEvaluation,entry_teacherevaluation,evaluation_text,TextField,False,False,,,False,False,False,,,,教师评价,
TeacherEvaluation,entry_teacherevaluation,created_at,DateTimeField,False,True,,,False,False,False,,,,创建时间,
RewardRecord,entry_rewardrecord,id,BigAutoField,False,True,,,True,True,False,,,,ID,
RewardRecord,entry_rewardrecord,student,ForeignKey,False,False,,,False,False,True,Student,CASCADE,reward_records,student,权限隔离相关字段，查询时需带角色边界。
RewardRecord,entry_rewardrecord,teacher,ForeignKey,True,True,,,False,False,True,PortalUser,SET_NULL,submitted_rewards,teacher,权限隔离相关字段，查询时需带角色边界。
RewardRecord,entry_rewardrecord,reward_text,CharField,False,False,,,False,False,False,,,,奖励说明,
RewardRecord,entry_rewardrecord,created_at,DateTimeField,False,True,,,False,False,False,,,,创建时间,
LessonHourLedger,entry_lessonhourledger,id,BigAutoField,False,True,,,True,True,False,,,,ID,
LessonHourLedger,entry_lessonhourledger,student,ForeignKey,False,False,,,False,False,True,Student,CASCADE,lesson_hour_ledgers,student,权限隔离相关字段，查询时需带角色边界。
LessonHourLedger,entry_lessonhourledger,teacher,ForeignKey,True,True,,,False,False,True,PortalUser,SET_NULL,submitted_lesson_hour_ledgers,teacher,权限隔离相关字段，查询时需带角色边界。
LessonHourLedger,entry_lessonhourledger,delta_hours,IntegerField,False,False,,,False,False,False,,,,课时变动,
LessonHourLedger,entry_lessonhourledger,note,CharField,False,True,,,False,False,False,,,,备注,
LessonHourLedger,entry_lessonhourledger,created_at,DateTimeField,False,True,,,False,False,False,,,,创建时间,
TeacherStudentAssignment,entry_teacherstudentassignment,id,BigAutoField,False,True,,,True,True,False,,,,ID,
TeacherStudentAssignment,entry_teacherstudentassignment,teacher,ForeignKey,False,False,,,False,False,True,PortalUser,CASCADE,student_assignments,teacher,权限隔离相关字段，查询时需带角色边界。
TeacherStudentAssignment,entry_teacherstudentassignment,student,ForeignKey,False,False,,,False,False,True,Student,CASCADE,teacher_assignments,student,权限隔离相关字段，查询时需带角色边界。
TeacherStudentAssignment,entry_teacherstudentassignment,course,ForeignKey,False,False,,,False,False,True,Course,CASCADE,teacher_student_assignments,course,
TeacherStudentAssignment,entry_teacherstudentassignment,level_code,CharField,False,False,,,False,False,False,,,,级别编码,
TeacherStudentAssignment,entry_teacherstudentassignment,is_active,BooleanField,False,False,True,,False,False,False,,,,是否生效,状态字段会影响页面展示和统计口径。
TeacherStudentAssignment,entry_teacherstudentassignment,assigned_at,DateTimeField,False,True,,,False,False,False,,,,分配时间,
TeacherStudentAssignment,entry_teacherstudentassignment,updated_at,DateTimeField,False,True,,,False,False,False,,,,更新时间,
